{
	"credit": "Made by Neovitalism",
	"texture_size": [32, 32],
	"textures": {
		"5": "pixelmon:block/pokestop",
		"particle": "pixelmon:block/pokestop"
	},
	"elements": [
		{
			"from": [4.91226, 11.93985, 7.39016],
			"to": [11.03026, 13.05185, 8.60805],
			"rotation": {"angle": 22.5, "axis": "y", "origin": [7.97126, 12.49585, 7.99911]},
			"faces": {
				"north": {"uv": [5, 14, 4.5, 14.5], "rotation": 180, "texture": "#5"},
				"east": {"uv": [11, 12, 11.5, 13], "rotation": 270, "texture": "#5"},
				"south": {"uv": [4.5, 14.5, 4, 14], "texture": "#5"},
				"west": {"uv": [12, 11.5, 12.5, 12.5], "rotation": 90, "texture": "#5"},
				"up": {"uv": [10.5, 12, 11, 13], "rotation": 180, "texture": "#5"},
				"down": {"uv": [11.5, 12, 12, 13], "texture": "#5"}
			}
		},
		{
			"from": [4.91244, 11.93985, 7.39107],
			"to": [11.03044, 13.05185, 8.60896],
			"rotation": {"angle": 0, "axis": "x", "origin": [8.07206, 14.29585, 7.99985]},
			"faces": {
				"north": {"uv": [5, 14, 4.5, 14.5], "rotation": 180, "texture": "#5"},
				"east": {"uv": [11, 12, 11.5, 13], "rotation": 270, "texture": "#5"},
				"south": {"uv": [4.5, 14.5, 4, 14], "texture": "#5"},
				"west": {"uv": [12, 11.5, 12.5, 12.5], "rotation": 90, "texture": "#5"},
				"up": {"uv": [10.5, 12, 11, 13], "rotation": 180, "texture": "#5"},
				"down": {"uv": [11.5, 12, 12, 13], "texture": "#5"}
			}
		},
		{
			"from": [4.91226, 11.93985, 7.39197],
			"to": [11.03026, 13.05185, 8.60986],
			"rotation": {"angle": -22.5, "axis": "y", "origin": [7.97126, 12.49585, 8.00092]},
			"faces": {
				"north": {"uv": [4.5, 14.5, 4, 14], "texture": "#5"},
				"east": {"uv": [12, 11.5, 12.5, 12.5], "rotation": 90, "texture": "#5"},
				"south": {"uv": [5, 14, 4.5, 14.5], "rotation": 180, "texture": "#5"},
				"west": {"uv": [11, 12, 11.5, 13], "rotation": 270, "texture": "#5"},
				"up": {"uv": [10.5, 12, 11, 13], "texture": "#5"},
				"down": {"uv": [11.5, 12, 12, 13], "rotation": 180, "texture": "#5"}
			}
		},
		{
			"from": [7.3618, 11.93985, 4.94269],
			"to": [8.57969, 13.05185, 11.06069],
			"rotation": {"angle": 45, "axis": "y", "origin": [7.97074, 12.49585, 8.00169]},
			"faces": {
				"north": {"uv": [11, 12, 11.5, 13], "rotation": 270, "texture": "#5"},
				"east": {"uv": [4.5, 14.5, 4, 14], "texture": "#5"},
				"south": {"uv": [12, 11.5, 12.5, 12.5], "rotation": 90, "texture": "#5"},
				"west": {"uv": [5, 14, 4.5, 14.5], "rotation": 180, "texture": "#5"},
				"up": {"uv": [10.5, 12, 11, 13], "rotation": 90, "texture": "#5"},
				"down": {"uv": [11.5, 12, 12, 13], "rotation": 90, "texture": "#5"}
			}
		},
		{
			"from": [7.36103, 11.93985, 4.9432],
			"to": [8.57892, 13.05185, 11.0612],
			"rotation": {"angle": 22.5, "axis": "y", "origin": [7.96997, 12.49585, 8.0022]},
			"faces": {
				"north": {"uv": [11, 12, 11.5, 13], "rotation": 270, "texture": "#5"},
				"east": {"uv": [4.5, 14.5, 4, 14], "texture": "#5"},
				"south": {"uv": [12, 11.5, 12.5, 12.5], "rotation": 90, "texture": "#5"},
				"west": {"uv": [5, 14, 4.5, 14.5], "rotation": 180, "texture": "#5"},
				"up": {"uv": [10.5, 12, 11, 13], "rotation": 90, "texture": "#5"},
				"down": {"uv": [11.5, 12, 12, 13], "rotation": 90, "texture": "#5"}
			}
		},
		{
			"from": [4.91174, 11.93985, 7.38939],
			"to": [11.02974, 13.05185, 8.60728],
			"rotation": {"angle": 45, "axis": "y", "origin": [7.97074, 12.49585, 7.99834]},
			"faces": {
				"north": {"uv": [5, 14, 4.5, 14.5], "rotation": 180, "texture": "#5"},
				"east": {"uv": [11, 12, 11.5, 13], "rotation": 270, "texture": "#5"},
				"south": {"uv": [4.5, 14.5, 4, 14], "texture": "#5"},
				"west": {"uv": [12, 11.5, 12.5, 12.5], "rotation": 90, "texture": "#5"},
				"up": {"uv": [10.5, 12, 11, 13], "rotation": 180, "texture": "#5"},
				"down": {"uv": [11.5, 12, 12, 13], "texture": "#5"}
			}
		},
		{
			"from": [7.36103, 11.93985, 4.93882],
			"to": [8.57892, 13.05185, 11.05682],
			"rotation": {"angle": -22.5, "axis": "y", "origin": [7.96997, 12.49585, 7.99782]},
			"faces": {
				"north": {"uv": [11, 12, 11.5, 13], "rotation": 270, "texture": "#5"},
				"east": {"uv": [4.5, 14.5, 4, 14], "texture": "#5"},
				"south": {"uv": [12, 11.5, 12.5, 12.5], "rotation": 90, "texture": "#5"},
				"west": {"uv": [5, 14, 4.5, 14.5], "rotation": 180, "texture": "#5"},
				"up": {"uv": [10.5, 12, 11, 13], "rotation": 90, "texture": "#5"},
				"down": {"uv": [11.5, 12, 12, 13], "rotation": 90, "texture": "#5"}
			}
		},
		{
			"from": [7.3643, 11.93985, 4.93997],
			"to": [8.58219, 13.05185, 11.05797],
			"rotation": {"angle": 0, "axis": "x", "origin": [8.07206, 14.29585, 7.99985]},
			"faces": {
				"north": {"uv": [12, 11.5, 12.5, 12.5], "rotation": 90, "texture": "#5"},
				"east": {"uv": [5, 14, 4.5, 14.5], "rotation": 180, "texture": "#5"},
				"south": {"uv": [11, 12, 11.5, 13], "rotation": 270, "texture": "#5"},
				"west": {"uv": [4.5, 14.5, 4, 14], "texture": "#5"},
				"up": {"uv": [10.5, 12, 11, 13], "rotation": 270, "texture": "#5"},
				"down": {"uv": [11.5, 12, 12, 13], "rotation": 270, "texture": "#5"}
			}
		},
		{
			"from": [6, 0, 6],
			"to": [10, 1, 10],
			"faces": {
				"north": {"uv": [7, 7, 9, 7.5], "texture": "#5"},
				"east": {"uv": [7.5, 0, 9.5, 0.5], "texture": "#5"},
				"south": {"uv": [0.5, 7.5, 2.5, 8], "texture": "#5"},
				"west": {"uv": [7.5, 0.5, 9.5, 1], "texture": "#5"},
				"up": {"uv": [2, 5, 0, 3], "texture": "#5"},
				"down": {"uv": [4, 3, 2, 5], "texture": "#5"}
			}
		},
		{
			"from": [7.5, 1, 7.5],
			"to": [8.5, 12, 8.5],
			"faces": {
				"north": {"uv": [4, 0, 4.5, 5.5], "texture": "#5"},
				"east": {"uv": [4.5, 0, 5, 5.5], "texture": "#5"},
				"south": {"uv": [0, 5, 0.5, 10.5], "texture": "#5"},
				"west": {"uv": [5, 0, 5.5, 5.5], "texture": "#5"},
				"up": {"uv": [14, 14, 13.5, 13.5], "texture": "#5"},
				"down": {"uv": [14.5, 0, 14, 0.5], "texture": "#5"}
			}
		},
		{
			"from": [5.86592, 23.1626, 7.46],
			"to": [10.23592, 24.03252, 8.54],
			"rotation": {"angle": 0, "axis": "y", "origin": [6.11216, 23.5976, 8]},
			"faces": {
				"north": {"uv": [10.5, 12, 11, 13], "texture": "#5"},
				"east": {"uv": [11, 12, 11.5, 13], "texture": "#5"},
				"south": {"uv": [11.5, 12, 12, 13], "texture": "#5"},
				"west": {"uv": [12, 11.5, 12.5, 12.5], "texture": "#5"},
				"up": {"uv": [4.5, 14.5, 4, 14], "texture": "#5"},
				"down": {"uv": [5, 14, 4.5, 14.5], "texture": "#5"}
			}
		},
		{
			"from": [6.01363, 22.42002, 7.46],
			"to": [10.38363, 23.28994, 8.54],
			"rotation": {"angle": 22.5, "axis": "z", "origin": [6.25987, 22.85498, 8]},
			"faces": {
				"north": {"uv": [10.5, 12, 11, 13], "texture": "#5"},
				"east": {"uv": [11, 12, 11.5, 13], "texture": "#5"},
				"south": {"uv": [11.5, 12, 12, 13], "texture": "#5"},
				"west": {"uv": [12, 11.5, 12.5, 12.5], "texture": "#5"},
				"up": {"uv": [4.5, 14.5, 4, 14], "texture": "#5"},
				"down": {"uv": [5, 14, 4.5, 14.5], "texture": "#5"}
			}
		},
		{
			"from": [7.61765, 21.41087, 7.46],
			"to": [8.48757, 25.78087, 8.54],
			"rotation": {"angle": 0, "axis": "z", "origin": [8.05261, 24.95817, 8]},
			"faces": {
				"north": {"uv": [10.5, 12, 11, 13], "rotation": 270, "texture": "#5"},
				"east": {"uv": [4.5, 14.5, 4, 14], "rotation": 90, "texture": "#5"},
				"south": {"uv": [11.5, 12, 12, 13], "rotation": 90, "texture": "#5"},
				"west": {"uv": [5, 14, 4.5, 14.5], "rotation": 90, "texture": "#5"},
				"up": {"uv": [12, 11.5, 12.5, 12.5], "rotation": 90, "texture": "#5"},
				"down": {"uv": [11, 12, 11.5, 13], "rotation": 90, "texture": "#5"}
			}
		},
		{
			"from": [7.28518, 21.55089, 7.46],
			"to": [8.1551, 25.92089, 8.54],
			"rotation": {"angle": 22.5, "axis": "z", "origin": [8.23352, 24.49607, 8]},
			"faces": {
				"north": {"uv": [10.5, 12, 11, 13], "rotation": 270, "texture": "#5"},
				"east": {"uv": [4.5, 14.5, 4, 14], "rotation": 90, "texture": "#5"},
				"south": {"uv": [11.5, 12, 12, 13], "rotation": 90, "texture": "#5"},
				"west": {"uv": [5, 14, 4.5, 14.5], "rotation": 90, "texture": "#5"},
				"up": {"uv": [12, 11.5, 12.5, 12.5], "rotation": 90, "texture": "#5"},
				"down": {"uv": [11, 12, 11.5, 13], "rotation": 90, "texture": "#5"}
			}
		},
		{
			"from": [7.00598, 21.94594, 7.46],
			"to": [7.8759, 26.31594, 8.54],
			"rotation": {"angle": 45, "axis": "z", "origin": [8.38954, 24.60032, 8]},
			"faces": {
				"north": {"uv": [10.5, 12, 11, 13], "rotation": 270, "texture": "#5"},
				"east": {"uv": [4.5, 14.5, 4, 14], "rotation": 90, "texture": "#5"},
				"south": {"uv": [11.5, 12, 12, 13], "rotation": 90, "texture": "#5"},
				"west": {"uv": [5, 14, 4.5, 14.5], "rotation": 90, "texture": "#5"},
				"up": {"uv": [12, 11.5, 12.5, 12.5], "rotation": 90, "texture": "#5"},
				"down": {"uv": [11, 12, 11.5, 13], "rotation": 90, "texture": "#5"}
			}
		},
		{
			"from": [6.3793, 23.26472, 7.46],
			"to": [10.7493, 24.13464, 8.54],
			"rotation": {"angle": -22.5, "axis": "z", "origin": [8.05261, 24.93908, 8]},
			"faces": {
				"north": {"uv": [10.5, 12, 11, 13], "texture": "#5"},
				"east": {"uv": [11, 12, 11.5, 13], "texture": "#5"},
				"south": {"uv": [11.5, 12, 12, 13], "texture": "#5"},
				"west": {"uv": [12, 11.5, 12.5, 12.5], "texture": "#5"},
				"up": {"uv": [4.5, 14.5, 4, 14], "texture": "#5"},
				"down": {"uv": [5, 14, 4.5, 14.5], "texture": "#5"}
			}
		},
		{
			"from": [6.43427, 21.79049, 7.46],
			"to": [10.80427, 22.66041, 8.54],
			"rotation": {"angle": 45, "axis": "z", "origin": [6.68051, 22.22545, 8]},
			"faces": {
				"north": {"uv": [10.5, 12, 11, 13], "texture": "#5"},
				"east": {"uv": [11, 12, 11.5, 13], "texture": "#5"},
				"south": {"uv": [11.5, 12, 12, 13], "texture": "#5"},
				"west": {"uv": [12, 11.5, 12.5, 12.5], "texture": "#5"},
				"up": {"uv": [4.5, 14.5, 4, 14], "texture": "#5"},
				"down": {"uv": [5, 14, 4.5, 14.5], "texture": "#5"}
			}
		},
		{
			"from": [6.87507, 21.55858, 7.46],
			"to": [7.74499, 25.92858, 8.54],
			"rotation": {"angle": -22.5, "axis": "z", "origin": [7.31003, 21.80482, 8]},
			"faces": {
				"north": {"uv": [10.5, 12, 11, 13], "rotation": 90, "texture": "#5"},
				"east": {"uv": [5, 14, 4.5, 14.5], "rotation": 270, "texture": "#5"},
				"south": {"uv": [11.5, 12, 12, 13], "rotation": 270, "texture": "#5"},
				"west": {"uv": [4.5, 14.5, 4, 14], "rotation": 270, "texture": "#5"},
				"up": {"uv": [11, 12, 11.5, 13], "rotation": 270, "texture": "#5"},
				"down": {"uv": [12, 11.5, 12.5, 12.5], "rotation": 270, "texture": "#5"}
			}
		},
		{
			"from": [14.55148, 22.071, 7.44513],
			"to": [15.8238, 25.19123, 8.55487],
			"rotation": {"angle": 0, "axis": "y", "origin": [7.99062, 23.63283, 8]},
			"faces": {
				"north": {"uv": [10.5, 12, 11, 13], "texture": "#5"},
				"east": {"uv": [11, 12, 11.5, 13], "texture": "#5"},
				"south": {"uv": [11.5, 12, 12, 13], "texture": "#5"},
				"west": {"uv": [12, 11.5, 12.5, 12.5], "texture": "#5"},
				"up": {"uv": [4.5, 14.5, 4, 14], "texture": "#5"},
				"down": {"uv": [5, 14, 4.5, 14.5], "texture": "#5"}
			}
		},
		{
			"from": [0.13724, 22.06702, 7.44513],
			"to": [1.31155, 25.18725, 8.55487],
			"rotation": {"angle": 22.5, "axis": "z", "origin": [7.97052, 23.6294, 8]},
			"faces": {
				"north": {"uv": [10.5, 12, 11, 13], "texture": "#5"},
				"east": {"uv": [11, 12, 11.5, 13], "texture": "#5"},
				"south": {"uv": [11.5, 12, 12, 13], "texture": "#5"},
				"west": {"uv": [12, 11.5, 12.5, 12.5], "texture": "#5"},
				"up": {"uv": [4.5, 14.5, 4, 14], "texture": "#5"},
				"down": {"uv": [5, 14, 4.5, 14.5], "texture": "#5"}
			}
		},
		{
			"from": [0.13735, 22.071, 7.44513],
			"to": [1.40966, 25.19123, 8.55487],
			"rotation": {"angle": 0, "axis": "z", "origin": [7.97052, 23.6294, 8]},
			"faces": {
				"north": {"uv": [10.5, 12, 11, 13], "rotation": 180, "texture": "#5"},
				"east": {"uv": [12, 11.5, 12.5, 12.5], "rotation": 180, "texture": "#5"},
				"south": {"uv": [11.5, 12, 12, 13], "rotation": 180, "texture": "#5"},
				"west": {"uv": [11, 12, 11.5, 13], "rotation": 180, "texture": "#5"},
				"up": {"uv": [5, 14, 4.5, 14.5], "rotation": 180, "texture": "#5"},
				"down": {"uv": [4.5, 14.5, 4, 14], "rotation": 180, "texture": "#5"}
			}
		},
		{
			"from": [6.42029, 30.30731, 7.44513],
			"to": [9.54052, 31.48162, 8.55487],
			"rotation": {"angle": -22.5, "axis": "z", "origin": [7.96218, 23.63433, 8]},
			"faces": {
				"north": {"uv": [10.5, 12, 11, 13], "rotation": 270, "texture": "#5"},
				"east": {"uv": [4.5, 14.5, 4, 14], "rotation": 90, "texture": "#5"},
				"south": {"uv": [11.5, 12, 12, 13], "rotation": 90, "texture": "#5"},
				"west": {"uv": [5, 14, 4.5, 14.5], "rotation": 90, "texture": "#5"},
				"up": {"uv": [12, 11.5, 12.5, 12.5], "rotation": 90, "texture": "#5"},
				"down": {"uv": [11, 12, 11.5, 13], "rotation": 90, "texture": "#5"}
			}
		},
		{
			"from": [14.64869, 22.08416, 7.44513],
			"to": [15.82301, 25.20439, 8.55487],
			"rotation": {"angle": 45, "axis": "z", "origin": [7.99607, 23.63865, 8]},
			"faces": {
				"north": {"uv": [10.5, 12, 11, 13], "rotation": 180, "texture": "#5"},
				"east": {"uv": [12, 11.5, 12.5, 12.5], "rotation": 180, "texture": "#5"},
				"south": {"uv": [11.5, 12, 12, 13], "rotation": 180, "texture": "#5"},
				"west": {"uv": [11, 12, 11.5, 13], "rotation": 180, "texture": "#5"},
				"up": {"uv": [5, 14, 4.5, 14.5], "rotation": 180, "texture": "#5"},
				"down": {"uv": [4.5, 14.5, 4, 14], "rotation": 180, "texture": "#5"}
			}
		},
		{
			"from": [0.13718, 22.07828, 7.44513],
			"to": [1.31149, 25.19851, 8.55487],
			"rotation": {"angle": -22.5, "axis": "z", "origin": [7.96218, 23.63433, 8]},
			"faces": {
				"north": {"uv": [10.5, 12, 11, 13], "rotation": 180, "texture": "#5"},
				"east": {"uv": [12, 11.5, 12.5, 12.5], "rotation": 180, "texture": "#5"},
				"south": {"uv": [11.5, 12, 12, 13], "rotation": 180, "texture": "#5"},
				"west": {"uv": [11, 12, 11.5, 13], "rotation": 180, "texture": "#5"},
				"up": {"uv": [5, 14, 4.5, 14.5], "rotation": 180, "texture": "#5"},
				"down": {"uv": [4.5, 14.5, 4, 14], "rotation": 180, "texture": "#5"}
			}
		},
		{
			"from": [6.41159, 30.28746, 7.44513],
			"to": [9.53182, 31.46178, 8.55487],
			"rotation": {"angle": 45, "axis": "z", "origin": [7.96097, 23.63554, 8]},
			"faces": {
				"north": {"uv": [10.5, 12, 11, 13], "rotation": 90, "texture": "#5"},
				"east": {"uv": [5, 14, 4.5, 14.5], "rotation": 270, "texture": "#5"},
				"south": {"uv": [11.5, 12, 12, 13], "rotation": 270, "texture": "#5"},
				"west": {"uv": [4.5, 14.5, 4, 14], "rotation": 270, "texture": "#5"},
				"up": {"uv": [11, 12, 11.5, 13], "rotation": 270, "texture": "#5"},
				"down": {"uv": [12, 11.5, 12.5, 12.5], "rotation": 270, "texture": "#5"}
			}
		},
		{
			"from": [6.41783, 30.29323, 7.44513],
			"to": [9.53806, 31.46755, 8.55487],
			"rotation": {"angle": 22.5, "axis": "z", "origin": [7.96218, 23.63433, 8]},
			"faces": {
				"north": {"uv": [10.5, 12, 11, 13], "rotation": 90, "texture": "#5"},
				"east": {"uv": [5, 14, 4.5, 14.5], "rotation": 270, "texture": "#5"},
				"south": {"uv": [11.5, 12, 12, 13], "rotation": 270, "texture": "#5"},
				"west": {"uv": [4.5, 14.5, 4, 14], "rotation": 270, "texture": "#5"},
				"up": {"uv": [11, 12, 11.5, 13], "rotation": 270, "texture": "#5"},
				"down": {"uv": [12, 11.5, 12.5, 12.5], "rotation": 270, "texture": "#5"}
			}
		},
		{
			"from": [6.42046, 30.30002, 7.44513],
			"to": [9.54069, 31.47434, 8.55487],
			"rotation": {"angle": 0, "axis": "z", "origin": [7.96218, 23.63433, 8]},
			"faces": {
				"north": {"uv": [10.5, 12, 11, 13], "rotation": 90, "texture": "#5"},
				"east": {"uv": [5, 14, 4.5, 14.5], "rotation": 270, "texture": "#5"},
				"south": {"uv": [11.5, 12, 12, 13], "rotation": 270, "texture": "#5"},
				"west": {"uv": [4.5, 14.5, 4, 14], "rotation": 270, "texture": "#5"},
				"up": {"uv": [11, 12, 11.5, 13], "rotation": 270, "texture": "#5"},
				"down": {"uv": [12, 11.5, 12.5, 12.5], "rotation": 270, "texture": "#5"}
			}
		},
		{
			"from": [14.64959, 22.07498, 7.44513],
			"to": [15.82391, 25.19521, 8.55487],
			"rotation": {"angle": 22.5, "axis": "z", "origin": [7.99062, 23.63283, 8]},
			"faces": {
				"north": {"uv": [10.5, 12, 11, 13], "rotation": 180, "texture": "#5"},
				"east": {"uv": [12, 11.5, 12.5, 12.5], "rotation": 180, "texture": "#5"},
				"south": {"uv": [11.5, 12, 12, 13], "rotation": 180, "texture": "#5"},
				"west": {"uv": [11, 12, 11.5, 13], "rotation": 180, "texture": "#5"},
				"up": {"uv": [5, 14, 4.5, 14.5], "rotation": 180, "texture": "#5"},
				"down": {"uv": [4.5, 14.5, 4, 14], "rotation": 180, "texture": "#5"}
			}
		},
		{
			"from": [6.42046, 15.78789, 7.44513],
			"to": [9.54069, 16.96221, 8.55487],
			"rotation": {"angle": 0, "axis": "y", "origin": [7.99896, 23.6279, 8]},
			"faces": {
				"north": {"uv": [10.5, 12, 11, 13], "rotation": 270, "texture": "#5"},
				"east": {"uv": [4.5, 14.5, 4, 14], "rotation": 90, "texture": "#5"},
				"south": {"uv": [11.5, 12, 12, 13], "rotation": 90, "texture": "#5"},
				"west": {"uv": [5, 14, 4.5, 14.5], "rotation": 90, "texture": "#5"},
				"up": {"uv": [12, 11.5, 12.5, 12.5], "rotation": 90, "texture": "#5"},
				"down": {"uv": [11, 12, 11.5, 13], "rotation": 90, "texture": "#5"}
			}
		},
		{
			"from": [6.42309, 15.79468, 7.44513],
			"to": [9.54332, 16.969, 8.55487],
			"rotation": {"angle": 22.5, "axis": "z", "origin": [7.99896, 23.6279, 8]},
			"faces": {
				"north": {"uv": [10.5, 12, 11, 13], "rotation": 270, "texture": "#5"},
				"east": {"uv": [4.5, 14.5, 4, 14], "rotation": 90, "texture": "#5"},
				"south": {"uv": [11.5, 12, 12, 13], "rotation": 90, "texture": "#5"},
				"west": {"uv": [5, 14, 4.5, 14.5], "rotation": 90, "texture": "#5"},
				"up": {"uv": [12, 11.5, 12.5, 12.5], "rotation": 90, "texture": "#5"},
				"down": {"uv": [11, 12, 11.5, 13], "rotation": 90, "texture": "#5"}
			}
		},
		{
			"from": [6.42812, 15.79995, 7.44513],
			"to": [9.54835, 16.97427, 8.55487],
			"rotation": {"angle": 45, "axis": "z", "origin": [7.99896, 23.6279, 8]},
			"faces": {
				"north": {"uv": [10.5, 12, 11, 13], "rotation": 270, "texture": "#5"},
				"east": {"uv": [4.5, 14.5, 4, 14], "rotation": 90, "texture": "#5"},
				"south": {"uv": [11.5, 12, 12, 13], "rotation": 90, "texture": "#5"},
				"west": {"uv": [5, 14, 4.5, 14.5], "rotation": 90, "texture": "#5"},
				"up": {"uv": [12, 11.5, 12.5, 12.5], "rotation": 90, "texture": "#5"},
				"down": {"uv": [11, 12, 11.5, 13], "rotation": 90, "texture": "#5"}
			}
		},
		{
			"from": [14.64965, 22.06372, 7.44513],
			"to": [15.82397, 25.18395, 8.55487],
			"rotation": {"angle": -22.5, "axis": "z", "origin": [7.99896, 23.6279, 8]},
			"faces": {
				"north": {"uv": [10.5, 12, 11, 13], "texture": "#5"},
				"east": {"uv": [11, 12, 11.5, 13], "texture": "#5"},
				"south": {"uv": [11.5, 12, 12, 13], "texture": "#5"},
				"west": {"uv": [12, 11.5, 12.5, 12.5], "texture": "#5"},
				"up": {"uv": [4.5, 14.5, 4, 14], "texture": "#5"},
				"down": {"uv": [5, 14, 4.5, 14.5], "texture": "#5"}
			}
		},
		{
			"from": [0.13813, 22.05784, 7.44513],
			"to": [1.31245, 25.17807, 8.55487],
			"rotation": {"angle": 45, "axis": "z", "origin": [7.96508, 23.62358, 8]},
			"faces": {
				"north": {"uv": [10.5, 12, 11, 13], "texture": "#5"},
				"east": {"uv": [11, 12, 11.5, 13], "texture": "#5"},
				"south": {"uv": [11.5, 12, 12, 13], "texture": "#5"},
				"west": {"uv": [12, 11.5, 12.5, 12.5], "texture": "#5"},
				"up": {"uv": [4.5, 14.5, 4, 14], "texture": "#5"},
				"down": {"uv": [5, 14, 4.5, 14.5], "texture": "#5"}
			}
		},
		{
			"from": [6.42063, 15.78061, 7.44513],
			"to": [9.54086, 16.95492, 8.55487],
			"rotation": {"angle": -22.5, "axis": "z", "origin": [7.99896, 23.6279, 8]},
			"faces": {
				"north": {"uv": [10.5, 12, 11, 13], "rotation": 90, "texture": "#5"},
				"east": {"uv": [5, 14, 4.5, 14.5], "rotation": 270, "texture": "#5"},
				"south": {"uv": [11.5, 12, 12, 13], "rotation": 270, "texture": "#5"},
				"west": {"uv": [4.5, 14.5, 4, 14], "rotation": 270, "texture": "#5"},
				"up": {"uv": [11, 12, 11.5, 13], "rotation": 270, "texture": "#5"},
				"down": {"uv": [12, 11.5, 12.5, 12.5], "rotation": 270, "texture": "#5"}
			}
		},
		{
			"from": [3.06559, 22.58471, 7.47722],
			"to": [4.66102, 23.25456, 8.52278],
			"rotation": {"angle": 0, "axis": "y", "origin": [8.01433, 23.56845, 8]},
			"faces": {
				"north": {"uv": [10.5, 12, 11, 13], "texture": "#5"},
				"east": {"uv": [11, 12, 11.5, 13], "texture": "#5"},
				"south": {"uv": [11.5, 12, 12, 13], "texture": "#5"},
				"west": {"uv": [12, 11.5, 12.5, 12.5], "texture": "#5"},
				"up": {"uv": [4.5, 14.5, 4, 14], "texture": "#5"},
				"down": {"uv": [5, 14, 4.5, 14.5], "texture": "#5"}
			}
		},
		{
			"from": [11.36617, 22.58764, 7.47722],
			"to": [12.9616, 23.25749, 8.52278],
			"rotation": {"angle": 0, "axis": "y", "origin": [16.31491, 23.57138, 8]},
			"faces": {
				"north": {"uv": [10.5, 12, 11, 13], "texture": "#5"},
				"east": {"uv": [11, 12, 11.5, 13], "texture": "#5"},
				"south": {"uv": [11.5, 12, 12, 13], "texture": "#5"},
				"west": {"uv": [12, 11.5, 12.5, 12.5], "texture": "#5"},
				"up": {"uv": [4.5, 14.5, 4, 14], "texture": "#5"},
				"down": {"uv": [5, 14, 4.5, 14.5], "texture": "#5"}
			}
		},
		{
			"from": [11.36617, 23.98381, 7.47722],
			"to": [12.9616, 24.65366, 8.52278],
			"rotation": {"angle": 0, "axis": "z", "origin": [8.01359, 26.11919, 8]},
			"faces": {
				"north": {"uv": [10.5, 12, 11, 13], "rotation": 180, "texture": "#5"},
				"east": {"uv": [12, 11.5, 12.5, 12.5], "rotation": 180, "texture": "#5"},
				"south": {"uv": [11.5, 12, 12, 13], "rotation": 180, "texture": "#5"},
				"west": {"uv": [11, 12, 11.5, 13], "rotation": 180, "texture": "#5"},
				"up": {"uv": [5, 14, 4.5, 14.5], "rotation": 180, "texture": "#5"},
				"down": {"uv": [4.5, 14.5, 4, 14], "rotation": 180, "texture": "#5"}
			}
		},
		{
			"from": [7.96315, 27.31003, 7.47722],
			"to": [9.933, 28.80546, 8.52278],
			"rotation": {"angle": -22.5, "axis": "z", "origin": [8.01359, 26.11919, 8]},
			"faces": {
				"north": {"uv": [10.5, 12, 11, 13], "rotation": 270, "texture": "#5"},
				"east": {"uv": [4.5, 14.5, 4, 14], "rotation": 90, "texture": "#5"},
				"south": {"uv": [11.5, 12, 12, 13], "rotation": 90, "texture": "#5"},
				"west": {"uv": [5, 14, 4.5, 14.5], "rotation": 90, "texture": "#5"},
				"up": {"uv": [12, 11.5, 12.5, 12.5], "rotation": 90, "texture": "#5"},
				"down": {"uv": [11, 12, 11.5, 13], "rotation": 90, "texture": "#5"}
			}
		},
		{
			"from": [9.73448, 23.40403, 7.47722],
			"to": [11.22991, 25.37388, 8.52278],
			"rotation": {"angle": 45, "axis": "z", "origin": [8.01359, 26.11919, 8]},
			"faces": {
				"north": {"uv": [10.5, 12, 11, 13], "rotation": 180, "texture": "#5"},
				"east": {"uv": [12, 11.5, 12.5, 12.5], "rotation": 180, "texture": "#5"},
				"south": {"uv": [11.5, 12, 12, 13], "rotation": 180, "texture": "#5"},
				"west": {"uv": [11, 12, 11.5, 13], "rotation": 180, "texture": "#5"},
				"up": {"uv": [5, 14, 4.5, 14.5], "rotation": 180, "texture": "#5"},
				"down": {"uv": [4.5, 14.5, 4, 14], "rotation": 180, "texture": "#5"}
			}
		},
		{
			"from": [4.00419, 22.86899, 7.47722],
			"to": [5.49962, 24.83883, 8.52278],
			"rotation": {"angle": -22.5, "axis": "z", "origin": [8.01359, 26.11919, 8]},
			"faces": {
				"north": {"uv": [10.5, 12, 11, 13], "rotation": 180, "texture": "#5"},
				"east": {"uv": [12, 11.5, 12.5, 12.5], "rotation": 180, "texture": "#5"},
				"south": {"uv": [11.5, 12, 12, 13], "rotation": 180, "texture": "#5"},
				"west": {"uv": [11, 12, 11.5, 13], "rotation": 180, "texture": "#5"},
				"up": {"uv": [5, 14, 4.5, 14.5], "rotation": 180, "texture": "#5"},
				"down": {"uv": [4.5, 14.5, 4, 14], "rotation": 180, "texture": "#5"}
			}
		},
		{
			"from": [5.29637, 27.838, 7.47722],
			"to": [7.26622, 29.33342, 8.52278],
			"rotation": {"angle": 45, "axis": "z", "origin": [8.01359, 26.11919, 8]},
			"faces": {
				"north": {"uv": [10.5, 12, 11, 13], "rotation": 90, "texture": "#5"},
				"east": {"uv": [5, 14, 4.5, 14.5], "rotation": 270, "texture": "#5"},
				"south": {"uv": [11.5, 12, 12, 13], "rotation": 270, "texture": "#5"},
				"west": {"uv": [4.5, 14.5, 4, 14], "rotation": 270, "texture": "#5"},
				"up": {"uv": [11, 12, 11.5, 13], "rotation": 270, "texture": "#5"},
				"down": {"uv": [12, 11.5, 12.5, 12.5], "rotation": 270, "texture": "#5"}
			}
		},
		{
			"from": [6.09307, 27.30732, 7.47722],
			"to": [8.06292, 28.80275, 8.52278],
			"rotation": {"angle": 22.5, "axis": "z", "origin": [8.01359, 26.11919, 8]},
			"faces": {
				"north": {"uv": [10.5, 12, 11, 13], "rotation": 90, "texture": "#5"},
				"east": {"uv": [5, 14, 4.5, 14.5], "rotation": 270, "texture": "#5"},
				"south": {"uv": [11.5, 12, 12, 13], "rotation": 270, "texture": "#5"},
				"west": {"uv": [4.5, 14.5, 4, 14], "rotation": 270, "texture": "#5"},
				"up": {"uv": [11, 12, 11.5, 13], "rotation": 270, "texture": "#5"},
				"down": {"uv": [12, 11.5, 12.5, 12.5], "rotation": 270, "texture": "#5"}
			}
		},
		{
			"from": [7.02513, 27.12485, 7.47722],
			"to": [8.99498, 28.62028, 8.52278],
			"rotation": {"angle": 0, "axis": "z", "origin": [8.01359, 26.11919, 8]},
			"faces": {
				"north": {"uv": [10.5, 12, 11, 13], "rotation": 90, "texture": "#5"},
				"east": {"uv": [5, 14, 4.5, 14.5], "rotation": 270, "texture": "#5"},
				"south": {"uv": [11.5, 12, 12, 13], "rotation": 270, "texture": "#5"},
				"west": {"uv": [4.5, 14.5, 4, 14], "rotation": 270, "texture": "#5"},
				"up": {"uv": [11, 12, 11.5, 13], "rotation": 270, "texture": "#5"},
				"down": {"uv": [12, 11.5, 12.5, 12.5], "rotation": 270, "texture": "#5"}
			}
		},
		{
			"from": [10.5287, 22.8717, 7.47722],
			"to": [12.02412, 24.84154, 8.52278],
			"rotation": {"angle": 22.5, "axis": "z", "origin": [8.01359, 26.11919, 8]},
			"faces": {
				"north": {"uv": [10.5, 12, 11, 13], "rotation": 180, "texture": "#5"},
				"east": {"uv": [12, 11.5, 12.5, 12.5], "rotation": 180, "texture": "#5"},
				"south": {"uv": [11.5, 12, 12, 13], "rotation": 180, "texture": "#5"},
				"west": {"uv": [11, 12, 11.5, 13], "rotation": 180, "texture": "#5"},
				"up": {"uv": [5, 14, 4.5, 14.5], "rotation": 180, "texture": "#5"},
				"down": {"uv": [4.5, 14.5, 4, 14], "rotation": 180, "texture": "#5"}
			}
		},
		{
			"from": [3.06559, 23.98088, 7.47722],
			"to": [4.66102, 24.65073, 8.52278],
			"rotation": {"angle": 0, "axis": "z", "origin": [8.01359, 26.11919, 8]},
			"faces": {
				"north": {"uv": [10.5, 12, 11, 13], "rotation": 180, "texture": "#5"},
				"east": {"uv": [12, 11.5, 12.5, 12.5], "rotation": 180, "texture": "#5"},
				"south": {"uv": [11.5, 12, 12, 13], "rotation": 180, "texture": "#5"},
				"west": {"uv": [11, 12, 11.5, 13], "rotation": 180, "texture": "#5"},
				"up": {"uv": [5, 14, 4.5, 14.5], "rotation": 180, "texture": "#5"},
				"down": {"uv": [4.5, 14.5, 4, 14], "rotation": 180, "texture": "#5"}
			}
		},
		{
			"from": [3.06583, 22.58355, 7.47722],
			"to": [4.56126, 24.55339, 8.52278],
			"rotation": {"angle": 22.5, "axis": "z", "origin": [8.01433, 23.56845, 8]},
			"faces": {
				"north": {"uv": [10.5, 12, 11, 13], "texture": "#5"},
				"east": {"uv": [11, 12, 11.5, 13], "texture": "#5"},
				"south": {"uv": [11.5, 12, 12, 13], "texture": "#5"},
				"west": {"uv": [12, 11.5, 12.5, 12.5], "texture": "#5"},
				"up": {"uv": [4.5, 14.5, 4, 14], "texture": "#5"},
				"down": {"uv": [5, 14, 4.5, 14.5], "texture": "#5"}
			}
		},
		{
			"from": [7.03221, 18.61809, 7.47722],
			"to": [9.00206, 20.11352, 8.52278],
			"rotation": {"angle": 0, "axis": "y", "origin": [8.01433, 23.56845, 8]},
			"faces": {
				"north": {"uv": [10.5, 12, 11, 13], "rotation": 270, "texture": "#5"},
				"east": {"uv": [4.5, 14.5, 4, 14], "rotation": 90, "texture": "#5"},
				"south": {"uv": [11.5, 12, 12, 13], "rotation": 90, "texture": "#5"},
				"west": {"uv": [5, 14, 4.5, 14.5], "rotation": 90, "texture": "#5"},
				"up": {"uv": [12, 11.5, 12.5, 12.5], "rotation": 90, "texture": "#5"},
				"down": {"uv": [11, 12, 11.5, 13], "rotation": 90, "texture": "#5"}
			}
		},
		{
			"from": [7.02703, 18.62234, 7.47722],
			"to": [8.99688, 20.11777, 8.52278],
			"rotation": {"angle": 22.5, "axis": "z", "origin": [8.01433, 23.56845, 8]},
			"faces": {
				"north": {"uv": [10.5, 12, 11, 13], "rotation": 270, "texture": "#5"},
				"east": {"uv": [4.5, 14.5, 4, 14], "rotation": 90, "texture": "#5"},
				"south": {"uv": [11.5, 12, 12, 13], "rotation": 90, "texture": "#5"},
				"west": {"uv": [5, 14, 4.5, 14.5], "rotation": 90, "texture": "#5"},
				"up": {"uv": [12, 11.5, 12.5, 12.5], "rotation": 90, "texture": "#5"},
				"down": {"uv": [11, 12, 11.5, 13], "rotation": 90, "texture": "#5"}
			}
		},
		{
			"from": [7.02929, 18.62284, 7.47722],
			"to": [8.99914, 20.11827, 8.52278],
			"rotation": {"angle": 45, "axis": "z", "origin": [8.01433, 23.56845, 8]},
			"faces": {
				"north": {"uv": [10.5, 12, 11, 13], "rotation": 270, "texture": "#5"},
				"east": {"uv": [4.5, 14.5, 4, 14], "rotation": 90, "texture": "#5"},
				"south": {"uv": [11.5, 12, 12, 13], "rotation": 90, "texture": "#5"},
				"west": {"uv": [5, 14, 4.5, 14.5], "rotation": 90, "texture": "#5"},
				"up": {"uv": [12, 11.5, 12.5, 12.5], "rotation": 90, "texture": "#5"},
				"down": {"uv": [11, 12, 11.5, 13], "rotation": 90, "texture": "#5"}
			}
		},
		{
			"from": [11.46492, 22.5857, 7.47722],
			"to": [12.96035, 24.55554, 8.52278],
			"rotation": {"angle": -22.5, "axis": "z", "origin": [8.01433, 23.56845, 8]},
			"faces": {
				"north": {"uv": [10.5, 12, 11, 13], "texture": "#5"},
				"east": {"uv": [11, 12, 11.5, 13], "texture": "#5"},
				"south": {"uv": [11.5, 12, 12, 13], "texture": "#5"},
				"west": {"uv": [12, 11.5, 12.5, 12.5], "texture": "#5"},
				"up": {"uv": [4.5, 14.5, 4, 14], "texture": "#5"},
				"down": {"uv": [5, 14, 4.5, 14.5], "texture": "#5"}
			}
		},
		{
			"from": [3.0656, 22.58238, 7.47722],
			"to": [4.56103, 24.55223, 8.52278],
			"rotation": {"angle": 45, "axis": "z", "origin": [8.01433, 23.56845, 8]},
			"faces": {
				"north": {"uv": [10.5, 12, 11, 13], "texture": "#5"},
				"east": {"uv": [11, 12, 11.5, 13], "texture": "#5"},
				"south": {"uv": [11.5, 12, 12, 13], "texture": "#5"},
				"west": {"uv": [12, 11.5, 12.5, 12.5], "texture": "#5"},
				"up": {"uv": [4.5, 14.5, 4, 14], "texture": "#5"},
				"down": {"uv": [5, 14, 4.5, 14.5], "texture": "#5"}
			}
		},
		{
			"from": [7.03154, 18.61907, 7.47722],
			"to": [9.00139, 20.1145, 8.52278],
			"rotation": {"angle": -22.5, "axis": "z", "origin": [8.01433, 23.56845, 8]},
			"faces": {
				"north": {"uv": [10.5, 12, 11, 13], "rotation": 90, "texture": "#5"},
				"east": {"uv": [5, 14, 4.5, 14.5], "rotation": 270, "texture": "#5"},
				"south": {"uv": [11.5, 12, 12, 13], "rotation": 270, "texture": "#5"},
				"west": {"uv": [4.5, 14.5, 4, 14], "rotation": 270, "texture": "#5"},
				"up": {"uv": [11, 12, 11.5, 13], "rotation": 270, "texture": "#5"},
				"down": {"uv": [12, 11.5, 12.5, 12.5], "rotation": 270, "texture": "#5"}
			}
		}
	],
	"groups": [
		{
			"name": "base",
			"origin": [8, 8, 8],
			"color": 0,
			"children": [
				{
					"name": "top-circle",
					"origin": [8, 8, 8],
					"color": 0,
					"children": [0, 1, 2, 3, 4, 5, 6, 7]
				},
				8,
				9
			]
		},
		{
			"name": "icon",
			"origin": [8, 8, 8],
			"color": 0,
			"children": [
				{
					"name": "inner-circle",
					"origin": [8, 8, 8],
					"color": 0,
					"children": [10, 11, 12, 13, 14, 15, 16, 17]
				},
				{
					"name": "outer-circle",
					"origin": [8, 8, 8],
					"color": 0,
					"children": [18, 19, 20, 21, 22, 23, 24, 25, 26, 27, 28, 29, 30, 31, 32, 33]
				},
				{
					"name": "middle-circle",
					"origin": [8, 8, 8],
					"color": 0,
					"children": [34, 35, 36, 37, 38, 39, 40, 41, 42, 43, 44, 45, 46, 47, 48, 49, 50, 51]
				}
			]
		}
	]
}